"term","beta","l.95","h.95","l.89","h.89","l.67","h.67"
"Intercept",17.8986238044885,16.8491007306993,18.9481468781157,17.0436051136555,18.753642495318,17.378076198928,18.4191714100523
"3-clone",-2.51404434526579,-4.23312560205918,-0.794963088738122,-3.9145343795747,-1.1135543109628,-3.36668270485581,-1.66140598567015
"6-clone",-3.46850180081836,-5.18758305761175,-1.74942054429065,-4.86899183512727,-2.06801176651548,-4.32114016040836,-2.61586344122262
"12-clone",-7.17564125909082,-8.89472251588425,-5.45656000256305,-8.57613129339972,-5.77515122478786,-8.02827961868084,-6.32300289949538
"24-clone",-9.09421446681318,-10.8132957236066,-7.37513321028548,-10.4947045011221,-7.69372443251031,-9.94685282640319,-8.24157610721745
"1-clone (ancestral phage)",-0.74781472142436,-1.96338873551367,0.467759292477085,-1.73811072166837,0.242481278815498,-1.35072108739023,-0.144908355454324
"24-clone (ancestral phage)",-11.4940647404874,-13.2131459972807,-9.77498348395971,-12.8945547747963,-10.0935747061844,-12.3467031000779,-10.6414263808915
"Days post-infection",-1.32274787004554,-1.724238753048,-0.921256987105155,-1.64983187395099,-0.995663866141435,-1.52188128885332,-1.12361445123645
